{
  "project_info": {
    "project_number": "508043683978",
    "project_id": "lab5-619c8",
    "storage_bucket": "lab5-619c8.appspot.com"
  },
  "client": [
    {
      "client_info": {
        "mobilesdk_app_id": "1:508043683978:android:f280da2f45cddfa9896573",
        "android_client_info": {
          "package_name": "com.example.simpleparadox.listycity"
        }
      },
      "oauth_client": [
        {
          "client_id": "508043683978-ekb9t1qegfvefnsgd8a0poi3f80s2r0g.apps.googleusercontent.com",
          "client_type": 3
        }
      ],
      "api_key": [
        {
          "current_key": "AIzaSyC7MaptHeo3EyZ8gzKIBQtzNVmpDsx4B8Y"
        }
      ],
      "services": {
        "appinvite_service": {
          "other_platform_oauth_client": [
            {
              "client_id": "508043683978-ekb9t1qegfvefnsgd8a0poi3f80s2r0g.apps.googleusercontent.com",
              "client_type": 3
            }
          ]
        }
      }
    }
  ],
  "configuration_version": "1"
}